task_id,method,dummy_agent_time,investigation_time,total_time,run_id,investigation_run_id,score,error
pylint-dev__pylint-4551,Lunette,8.784071922302246,79.55294728279114,88.33701920509338,f31efaa1-9e85-4f2a-bfdd-a62b53e5ed47,44818a8a-7665-40c6-b7ec-ebfbf41ab16c,0.82,
psf__requests-1142,Lunette,9.318583011627197,55.131170988082886,64.44975399971008,cea06fc3-a9cb-4bd1-8616-c8c0ecd6a50f,1b958516-8f07-40bd-b448-e3e4772e0df0,0.0,
matplotlib__matplotlib-20859,Lunette,13.255645751953125,68.21617007255554,81.47181582450867,de1d455d-63ee-4961-97c7-ace022e6dd1c,c8b8b22f-aad1-4f9e-95fa-d9c4b84f3be7,0.15,
pytest-dev__pytest-5809,Lunette,8.697854042053223,68.68377804756165,77.38163208961487,6281917f-8c2d-4f6c-8979-e323a4531c73,d52f1503-8035-4118-a0a1-a4cae29c49c9,0.05,
scikit-learn__scikit-learn-13779,Lunette,10.072261095046997,68.2319118976593,78.3041729927063,8619a2e4-d186-4b02-afaa-47e4705deabe,a5f2e203-68e8-4f12-ae44-7f80eb655d33,0.25,
