subject_id,theta
claude-opus-4,-4.556313514709473
claude-opus-4.5,-1.8938710689544678
claude-opus-4.6,-1.2241899967193604
claude-sonnet-4,-5.5393500328063965
claude-sonnet-4.5,-3.2697391510009766
gemini-2.5-pro,-5.290058135986328
gemini-3-flash,-3.7396745681762695
gemini-3-pro,-2.8268160820007324
glm-4.5,-5.610347270965576
gpt-5,-4.347283363342285
gpt-5.1,-3.206697463989258
gpt-5.2,-2.0862114429473877
kimi-k2,-5.230851650238037
o3,-4.222634792327881
qwen3-coder,-5.570375442504883
