subject_id,theta
claude-opus-4,-4.131094932556152
claude-opus-4.5,-1.6696326732635498
claude-opus-4.6,-1.309369444847107
claude-sonnet-4,-5.128782272338867
claude-sonnet-4.5,-3.274757146835327
gemini-2.5-pro,-5.087587833404541
gemini-3-flash,-3.8301634788513184
gemini-3-pro,-2.174551486968994
glm-4.5,-4.697257041931152
gpt-5,-4.440413951873779
gpt-5.1,-2.775826930999756
gpt-5.2,-1.4961096048355103
kimi-k2,-5.12960147857666
o3,-3.5990982055664062
qwen3-coder,-4.127129077911377
