subject_id,theta
claude-opus-4,-2.0504002571105957
claude-opus-4.5,-0.987873375415802
claude-opus-4.6,-0.3622625470161438
claude-sonnet-4,-2.287750244140625
claude-sonnet-4.5,-1.527443766593933
gemini-2.5-pro,-2.243704080581665
gemini-3-flash,-1.9033401012420654
gemini-3-pro,-1.1979925632476807
glm-4.5,-2.4204764366149902
gpt-5,-2.087606906890869
gpt-5.1,-1.7102493047714233
gpt-5.2,-0.7832183837890625
kimi-k2,-2.2931880950927734
o3,-2.123603582382202
qwen3-coder,-2.20279598236084
