{
  "accuracy": 0.8902040816326531,
  "balanced_accuracy": 0.5,
  "baseline": {
    "accuracy": {
      "mean": 0.8902040816326531,
      "std": 0.01818331844175736
    },
    "balanced_accuracy": {
      "mean": 0.5,
      "std": 0.0
    },
    "log_loss": {
      "mean": 0.326688178682783,
      "std": 0.047014620061350335
    },
    "roc_auc": {
      "mean": 0.7019337123154216,
      "std": 0.046912125256872515
    }
  },
  "cv": {
    "baseline": {
      "accuracy": {
        "mean": 0.8902040816326531,
        "std": 0.01818331844175736
      },
      "balanced_accuracy": {
        "mean": 0.5,
        "std": 0.0
      },
      "log_loss": {
        "mean": 0.326688178682783,
        "std": 0.047014620061350335
      },
      "roc_auc": {
        "mean": 0.7019337123154216,
        "std": 0.046912125256872515
      }
    },
    "embed_mlp": {
      "accuracy": {
        "mean": 0.8902040816326531,
        "std": 0.01818331844175736
      },
      "balanced_accuracy": {
        "mean": 0.5,
        "std": 0.0
      },
      "log_loss": {
        "mean": 0.3237883594009654,
        "std": 0.03237311930981903
      },
      "roc_auc": {
        "mean": 0.7656363416629139,
        "std": 0.047456914132505856
      }
    },
    "enabled": true,
    "folds": [
      {
        "baseline": {
          "accuracy": 0.8571428571428571,
          "alpha": 1.0,
          "balanced_accuracy": 0.5,
          "beta": 1.0,
          "log_loss": 0.4180890665401605,
          "name": "baseline_model_empirical_rate",
          "roc_auc": 0.6111111111111112
        },
        "embed_mlp": {
          "accuracy": 0.8571428571428571,
          "balanced_accuracy": 0.5,
          "log_loss": 0.3785223371574586,
          "roc_auc": 0.8025321239606954
        },
        "fold_idx": 0,
        "global_p_train": 0.10211267605633803,
        "model_emb_dim": 64,
        "n_groups_test": 21,
        "n_groups_train": 81,
        "n_models_train_plus_unk": 14,
        "n_obs_test": 294,
        "n_obs_train": 1134,
        "n_scaffolds_train_plus_unk": 1,
        "ridge": {
          "accuracy": 0.8571428571428571,
          "alpha": 10000.0,
          "balanced_accuracy": 0.5,
          "log_loss": 0.4614697945424013,
          "name": "Ridge",
          "roc_auc": 0.6899092970521542
        },
        "scaffold_emb_dim": 64,
        "split_diagnostics": {
          "n_models_test": 14,
          "n_models_test_unseen": 0,
          "n_models_train": 14,
          "n_scaffolds_test": 1,
          "n_scaffolds_test_unseen": 0,
          "n_scaffolds_train": 1,
          "n_tasks_test": 21,
          "n_tasks_test_unseen": 21,
          "n_tasks_train": 81
        },
        "task_embedding_dim": 5120,
        "x_total_dim": 5248
      },
      {
        "baseline": {
          "accuracy": 0.9081632653061225,
          "alpha": 1.0,
          "balanced_accuracy": 0.5,
          "beta": 1.0,
          "log_loss": 0.28836009520124656,
          "name": "baseline_model_empirical_rate",
          "roc_auc": 0.7039117769454848
        },
        "embed_mlp": {
          "accuracy": 0.9081632653061225,
          "balanced_accuracy": 0.5,
          "log_loss": 0.2859510554305653,
          "roc_auc": 0.7949784990983492
        },
        "fold_idx": 1,
        "global_p_train": 0.1153169014084507,
        "model_emb_dim": 64,
        "n_groups_test": 21,
        "n_groups_train": 81,
        "n_models_train_plus_unk": 14,
        "n_obs_test": 294,
        "n_obs_train": 1134,
        "n_scaffolds_train_plus_unk": 1,
        "ridge": {
          "accuracy": 0.9081632653061225,
          "alpha": 10000.0,
          "balanced_accuracy": 0.5,
          "log_loss": 0.2840512393921764,
          "name": "Ridge",
          "roc_auc": 0.7855458454709391
        },
        "scaffold_emb_dim": 64,
        "split_diagnostics": {
          "n_models_test": 14,
          "n_models_test_unseen": 0,
          "n_models_train": 14,
          "n_scaffolds_test": 1,
          "n_scaffolds_test_unseen": 0,
          "n_scaffolds_train": 1,
          "n_tasks_test": 21,
          "n_tasks_test_unseen": 21,
          "n_tasks_train": 81
        },
        "task_embedding_dim": 5120,
        "x_total_dim": 5248
      },
      {
        "baseline": {
          "accuracy": 0.9035714285714286,
          "alpha": 1.0,
          "balanced_accuracy": 0.5,
          "beta": 1.0,
          "log_loss": 0.29731623151596837,
          "name": "baseline_model_empirical_rate",
          "roc_auc": 0.7312984921680573
        },
        "embed_mlp": {
          "accuracy": 0.9035714285714286,
          "balanced_accuracy": 0.5,
          "log_loss": 0.2968364339846428,
          "roc_auc": 0.77528912311521
        },
        "fold_idx": 2,
        "global_p_train": 0.11391304347826087,
        "model_emb_dim": 64,
        "n_groups_test": 20,
        "n_groups_train": 82,
        "n_models_train_plus_unk": 14,
        "n_obs_test": 280,
        "n_obs_train": 1148,
        "n_scaffolds_train_plus_unk": 1,
        "ridge": {
          "accuracy": 0.9035714285714286,
          "alpha": 10000.0,
          "balanced_accuracy": 0.5,
          "log_loss": 0.2964205871102573,
          "name": "Ridge",
          "roc_auc": 0.764163372859025
        },
        "scaffold_emb_dim": 64,
        "split_diagnostics": {
          "n_models_test": 14,
          "n_models_test_unseen": 0,
          "n_models_train": 14,
          "n_scaffolds_test": 1,
          "n_scaffolds_test_unseen": 0,
          "n_scaffolds_train": 1,
          "n_tasks_test": 20,
          "n_tasks_test_unseen": 20,
          "n_tasks_train": 82
        },
        "task_embedding_dim": 5120,
        "x_total_dim": 5248
      },
      {
        "baseline": {
          "accuracy": 0.8857142857142857,
          "alpha": 1.0,
          "balanced_accuracy": 0.5,
          "beta": 1.0,
          "log_loss": 0.3213619977931263,
          "name": "baseline_model_empirical_rate",
          "roc_auc": 0.7394153225806452
        },
        "embed_mlp": {
          "accuracy": 0.8857142857142857,
          "balanced_accuracy": 0.5,
          "log_loss": 0.3245931869660145,
          "roc_auc": 0.7827620967741936
        },
        "fold_idx": 3,
        "global_p_train": 0.10956521739130434,
        "model_emb_dim": 64,
        "n_groups_test": 20,
        "n_groups_train": 82,
        "n_models_train_plus_unk": 14,
        "n_obs_test": 280,
        "n_obs_train": 1148,
        "n_scaffolds_train_plus_unk": 1,
        "ridge": {
          "accuracy": 0.8857142857142857,
          "alpha": 10000.0,
          "balanced_accuracy": 0.5,
          "log_loss": 0.355507137487962,
          "name": "Ridge",
          "roc_auc": 0.7789818548387096
        },
        "scaffold_emb_dim": 64,
        "split_diagnostics": {
          "n_models_test": 14,
          "n_models_test_unseen": 0,
          "n_models_train": 14,
          "n_scaffolds_test": 1,
          "n_scaffolds_test_unseen": 0,
          "n_scaffolds_train": 1,
          "n_tasks_test": 20,
          "n_tasks_test_unseen": 20,
          "n_tasks_train": 82
        },
        "task_embedding_dim": 5120,
        "x_total_dim": 5248
      },
      {
        "baseline": {
          "accuracy": 0.8964285714285715,
          "alpha": 1.0,
          "balanced_accuracy": 0.5,
          "beta": 1.0,
          "log_loss": 0.3083135023634131,
          "name": "baseline_model_empirical_rate",
          "roc_auc": 0.7239318587718093
        },
        "embed_mlp": {
          "accuracy": 0.8964285714285715,
          "balanced_accuracy": 0.5,
          "log_loss": 0.3330387834661456,
          "roc_auc": 0.6726198653661217
        },
        "fold_idx": 4,
        "global_p_train": 0.11217391304347826,
        "model_emb_dim": 64,
        "n_groups_test": 20,
        "n_groups_train": 82,
        "n_models_train_plus_unk": 14,
        "n_obs_test": 280,
        "n_obs_train": 1148,
        "n_scaffolds_train_plus_unk": 1,