subject_id,theta
claude-opus-4,-3.9988796710968018
claude-opus-4.5,-1.3147679567337036
claude-opus-4.6,-0.80173659324646
claude-sonnet-4,-5.004658222198486
claude-sonnet-4.5,-2.6273610591888428
gemini-2.5-pro,-4.884443759918213
gemini-3-flash,-3.1411075592041016
gemini-3-pro,-2.3813462257385254
glm-4.5,-4.963335990905762
gpt-5,-3.7096292972564697
gpt-5.1,-2.835761547088623
gpt-5.2,-1.490889310836792
kimi-k2,-4.060558319091797
o3,-3.6804590225219727
qwen3-coder,-5.035909175872803
