{
  "accuracy": 0.7260714285714286,
  "balanced_accuracy": 0.7210943539675716,
  "baseline": {
    "accuracy": {
      "mean": 0.6554047619047619,
      "std": 0.01365587760626458
    },
    "balanced_accuracy": {
      "mean": 0.6502154350210455,
      "std": 0.015796522712091542
    },
    "log_loss": {
      "mean": 0.6056263469615188,
      "std": 0.011330823558885905
    },
    "roc_auc": {
      "mean": 0.7224250064070045,
      "std": 0.018967007607074416
    }
  },
  "cv": {
    "baseline": {
      "accuracy": {
        "mean": 0.6554047619047619,
        "std": 0.01365587760626458
      },
      "balanced_accuracy": {
        "mean": 0.6502154350210455,
        "std": 0.015796522712091542
      },
      "log_loss": {
        "mean": 0.6056263469615188,
        "std": 0.011330823558885905
      },
      "roc_auc": {
        "mean": 0.7224250064070045,
        "std": 0.018967007607074416
      }
    },
    "embed_mlp": {
      "accuracy": {
        "mean": 0.7260714285714286,
        "std": 0.026013798013262694
      },
      "balanced_accuracy": {
        "mean": 0.7210943539675716,
        "std": 0.019217710668699282
      },
      "log_loss": {
        "mean": 0.5383605794334352,
        "std": 0.019569339926892904
      },
      "roc_auc": {
        "mean": 0.8292566369583522,
        "std": 0.00454232577083605
      }
    },
    "enabled": true,
    "folds": [
      {
        "baseline": {
          "accuracy": 0.6455952380952381,
          "alpha": 1.0,
          "balanced_accuracy": 0.6431014613382716,
          "beta": 1.0,
          "log_loss": 0.6119852027298454,
          "name": "baseline_model_empirical_rate",
          "roc_auc": 0.7153456202194932
        },
        "embed_mlp": {
          "accuracy": 0.7439285714285714,
          "balanced_accuracy": 0.7428895530799869,
          "log_loss": 0.5162120386416642,
          "roc_auc": 0.8305661340778757
        },
        "fold_idx": 0,
        "global_p_train": 0.4666091304089042,
        "model_emb_dim": 64,
        "n_groups_test": 100,
        "n_groups_train": 400,
        "n_models_train_plus_unk": 42,
        "n_obs_test": 8400,
        "n_obs_train": 33600,
        "n_scaffolds_train_plus_unk": 47,
        "ridge": {
          "accuracy": 0.7366666666666667,
          "alpha": 10000.0,
          "balanced_accuracy": 0.7354487138509067,
          "log_loss": 0.5460215670629246,
          "name": "Ridge",
          "roc_auc": 0.8225111358331426
        },
        "scaffold_emb_dim": 64,
        "split_diagnostics": {
          "n_models_test": 42,
          "n_models_test_unseen": 0,
          "n_models_train": 42,
          "n_scaffolds_test": 47,
          "n_scaffolds_test_unseen": 0,
          "n_scaffolds_train": 47,
          "n_tasks_test": 100,
          "n_tasks_test_unseen": 100,
          "n_tasks_train": 400
        },
        "task_embedding_dim": 5120,
        "x_total_dim": 5248
      },
      {
        "baseline": {
          "accuracy": 0.6340476190476191,
          "alpha": 1.0,
          "balanced_accuracy": 0.6237208964927037,
          "beta": 1.0,
          "log_loss": 0.6240918617755175,
          "name": "baseline_model_empirical_rate",
          "roc_auc": 0.6917077041882604
        },
        "embed_mlp": {
          "accuracy": 0.7227380952380953,
          "balanced_accuracy": 0.7044134580420993,
          "log_loss": 0.5421467564425648,
          "roc_auc": 0.8287206485688365
        },
        "fold_idx": 1,
        "global_p_train": 0.47741205880602344,
        "model_emb_dim": 64,
        "n_groups_test": 100,
        "n_groups_train": 400,
        "n_models_train_plus_unk": 42,
        "n_obs_test": 8400,
        "n_obs_train": 33600,
        "n_scaffolds_train_plus_unk": 47,
        "ridge": {
          "accuracy": 0.7527380952380952,
          "alpha": 10000.0,
          "balanced_accuracy": 0.74785890193601,
          "log_loss": 0.5216193650224791,
          "name": "Ridge",
          "roc_auc": 0.8360754076511141
        },
        "scaffold_emb_dim": 64,
        "split_diagnostics": {
          "n_models_test": 42,
          "n_models_test_unseen": 0,
          "n_models_train": 42,
          "n_scaffolds_test": 47,
          "n_scaffolds_test_unseen": 0,
          "n_scaffolds_train": 47,
          "n_tasks_test": 100,
          "n_tasks_test_unseen": 100,
          "n_tasks_train": 400
        },
        "task_embedding_dim": 5120,
        "x_total_dim": 5248
      },
      {
        "baseline": {
          "accuracy": 0.6630952380952381,
          "alpha": 1.0,
          "balanced_accuracy": 0.6685207873552992,
          "beta": 1.0,
          "log_loss": 0.5935708890030287,
          "name": "baseline_model_empirical_rate",
          "roc_auc": 0.7485029654340634
        },
        "embed_mlp": {
          "accuracy": 0.745,
          "balanced_accuracy": 0.7391222533344515,
          "log_loss": 0.5173371502587055,
          "roc_auc": 0.8341849425446439
        },
        "fold_idx": 2,
        "global_p_train": 0.4577108505446104,
        "model_emb_dim": 64,
        "n_groups_test": 100,
        "n_groups_train": 400,
        "n_models_train_plus_unk": 42,
        "n_obs_test": 8400,
        "n_obs_train": 33600,
        "n_scaffolds_train_plus_unk": 47,
        "ridge": {
          "accuracy": 0.7392857142857143,
          "alpha": 10000.0,
          "balanced_accuracy": 0.7429685566493697,
          "log_loss": 0.5413288093807843,
          "name": "Ridge",
          "roc_auc": 0.8393227215405485
        },
        "scaffold_emb_dim": 64,
        "split_diagnostics": {
          "n_models_test": 42,
          "n_models_test_unseen": 0,
          "n_models_train": 42,
          "n_scaffolds_test": 47,
          "n_scaffolds_test_unseen": 0,
          "n_scaffolds_train": 47,
          "n_tasks_test": 100,
          "n_tasks_test_unseen": 100,
          "n_tasks_train": 400
        },
        "task_embedding_dim": 5120,
        "x_total_dim": 5248
      },
      {
        "baseline": {
          "accuracy": 0.6719047619047619,
          "alpha": 1.0,
          "balanced_accuracy": 0.6624985471244067,
          "beta": 1.0,
          "log_loss": 0.5951387883356108,
          "name": "baseline_model_empirical_rate",
          "roc_auc": 0.7335920196953764
        },
        "embed_mlp": {
          "accuracy": 0.7420238095238095,
          "balanced_accuracy": 0.7253430677717462,
          "log_loss": 0.5482479312404334,
          "roc_auc": 0.8319110913497105
        },
        "fold_idx": 3,
        "global_p_train": 0.47663829533956314,
        "model_emb_dim": 64,
        "n_groups_test": 100,
        "n_groups_train": 400,
        "n_models_train_plus_unk": 42,
        "n_obs_test": 8400,
        "n_obs_train": 33600,
        "n_scaffolds_train_plus_unk": 47,
        "ridge": {
          "accuracy": 0.7570238095238095,
          "alpha": 10000.0,
          "balanced_accuracy": 0.7503483462665052,
          "log_loss": 0.5018248423504172,
          "name": "Ridge",
          "roc_auc": 0.8431316466909169
        },
        "scaffold_emb_dim": 64,
        "split_diagnostics": {
          "n_models_test": 42,
          "n_models_test_unseen": 0,
          "n_models_train": 42,
          "n_scaffolds_test": 47,
          "n_scaffolds_test_unseen": 0,
          "n_scaffolds_train": 47,
          "n_tasks_test": 100,
          "n_tasks_test_unseen": 100,
          "n_tasks_train": 400
        },
        "task_embedding_dim": 5120,
        "x_total_dim": 5248
      },
      {
        "baseline": {
          "accuracy": 0.6623809523809524,
          "alpha": 1.0,
          "balanced_accuracy": 0.6532354827945461,
          "beta": 1.0,
          "log_loss": 0.603344992963592,
          "name": "baseline_model_empirical_rate",
          "roc_auc": 0.7229767224978294
        },
        "embed_mlp": {
          "accuracy": 0.6766666666666666,
          "balanced_accuracy": 0.6937034376095745,
          "log_loss": 0.5678590205838078,