model,loglik,n_params,n_obs,AIC,BIC
1D,-2301.643377233489,261,7387,5125.286754466978,6928.138245601978
2D,-2273.980677003058,522,7387,5591.961354006116,9197.664336276117
3D,-2200.7287083332762,783,7387,5967.4574166665525,11376.011890071553
