model,loglik,n_params,n_obs,AIC,BIC
1D,-17481.425706981587,1123,61500,37208.85141396317,47345.93933957452
2D,-17175.080244922206,2246,61500,38842.16048984441,59116.3363410671
3D,-16866.583491333484,3369,61500,40471.16698266697,70882.430759501
