model,loss,n_params,n_obs,AIC,BIC
1D,9555.906077980995,172,7387,19455.81215596199,20643.898196096932
