,r2_mean,r2_std,rmse_mean,rmse_std
Lasso,0.14092578377981418,0.10168175218971087,2.07494369567807,0.07327802770739954
ElasticNet,0.13078788797607643,0.11411723702673489,2.0860270887663397,0.08062994346303819
Ridge,0.10183175962626359,0.1366221347855649,2.1211841679406045,0.16281053069098056
