model,loglik,n_params,n_obs,AIC,BIC
1D,-6717.225256112089,1131,39835,15696.450512224177,25414.56937147634
2D,-2921.6396020532497,1762,39835,9367.2792041065,24507.266321703588
3D,-2763.63908107499,2393,39835,10313.27816214998,30875.133538092
