model,loss,n_params,n_obs,AIC,BIC
1D,9321.043493926525,261,7387,19164.08698785305,20966.93847898805
2D,9032.45869910717,522,7387,19108.91739821434,22714.620380484343
3D,9044.42318892479,783,7387,19654.84637784958,25063.40085125458
