subject_id,theta
claude-opus-4,-2.3702633380889893
claude-opus-4.5,-0.15701057016849518
claude-opus-4.6,0.3043641448020935
claude-sonnet-4,-2.6349737644195557
claude-sonnet-4.5,-1.0629969835281372
gemini-2.5-pro,-2.879533529281616
gemini-3-flash,-1.956520915031433
gemini-3-pro,-0.7978540658950806
glm-4.5,-3.3866286277770996
gpt-5,-2.568458080291748
gpt-5.1,-1.240578293800354
gpt-5.2,-0.023544713854789734
kimi-k2,-2.352721929550171
o3,-1.9412777423858643
qwen3-coder,-2.3532989025115967
