,theta,theta_std
claude-sonnet-4-5,1.4888916,0.11388054
Claude 4.5 Haiku,1.1039832,0.12029625
GPT-5,0.85434586,0.103241
GLM-4.5,0.7971928,0.119610354
kimi_k2_instruct,0.15456602,0.10697995
GPT-5 High,0.059594106,0.12791872
GPT-5 Codex,0.029026356,0.10935094
Claude 4 Sonnet,-0.11319542,0.09135169
Claude Opus 4.1,-0.19091322,0.11458612
GPT OSS 120B,-0.8630464,0.12106126
Gemini 2.5 Pro Preview,-0.9233876,0.08394452
GPT-4o,-2.3970573,0.17126577
