model,loglik,n_params,n_obs,AIC,BIC
1D,-325576.0665910419,24561,565033,700274.1331820838,976453.721866243
2D,-198183.2671211713,49122,565033,494610.5342423426,1046969.7116106611
3D,-188303.86797723852,73683,565033,523973.73595447704,1352512.502006955
4D,-181470.58207597613,98244,565033,559429.1641519523,1664147.5188885895
5D,-174984.56609096006,122805,565033,595579.1321819201,1976477.0756027165
6D,-170366.03579892276,147366,565033,635464.0715978455,2292541.6037028013
