{
  "mlp_llm_judge_baseline": {
    "display_name": "MLP LLM Judge (baseline)",
    "mean_auc": 0.6453496130479943,
    "std_auc": 0.03232917560876062,
    "fold_aucs": [
      0.6355593059869475,
      0.639547916034743,
      0.6933801440544103,
      0.5954902897305757,
      0.6627704094332947
    ]
  },
  "mlp_llm_judge_frozen_irt": {
    "display_name": "MLP LLM Judge (frozen irt)",
    "mean_auc": 0.7866325684495699,
    "std_auc": 0.0219981290921424,
    "fold_aucs": [
      0.7465353794037493,
      0.8062375967074837,
      0.7937840747499314,
      0.7813171512033082,
      0.8052886401833772
    ]
  },
  "mlp_llm_judge_strong_reg": {
    "display_name": "MLP LLM Judge (strong reg)",
    "mean_auc": 0.5862525850093023,
    "std_auc": 0.037425404709583075,
    "fold_aucs": [
      0.6109248694456774,
      0.634758434868261,
      0.5553965078879269,
      0.5982132241150361,
      0.5319698887296102
    ]
  },
  "mlp_llm_judge_both_fixes": {
    "display_name": "MLP LLM Judge (both fixes)",
    "mean_auc": 0.762467987803758,
    "std_auc": 0.012121665510063124,
    "fold_aucs": [
      0.7592964063966707,
      0.7530078206518662,
      0.7632371380665537,
      0.7516039308789542,
      0.7851946430247451
    ]
  },
  "oracle": {
    "display_name": "Oracle (true b)",
    "mean_auc": 0.9440725622093883,
    "std_auc": 0.00846914909669,
    "fold_aucs": [
      0.9457761652233913,
      0.9370540516721,
      0.9584806051993494,
      0.9448895949277176,
      0.9341623940243831
    ]
  },
  "constant": {
    "display_name": "Constant (mean b)",
    "mean_auc": 0.7146109664643455,
    "std_auc": 0.00833852128019689,
    "fold_aucs": [
      0.7065929221783223,
      0.7215777937933091,
      0.710943995605349,
      0.7067169719332069,
      0.7272231488115399
    ]
  }
}